,onu_sustainable_development_index,revised_sustainable_development_index,entity_name
0,0.82,0.71,United Kingdom
1,0.82,0.71,Greece
2,0.82,0.73,Spain
3,0.82,0.73,Italy
4,0.81,0.66,Sweden
5,0.8,0.61,Switzerland
6,0.8,0.65,Denmark
7,0.8,0.67,Germany
8,0.8,0.71,Portugal
9,0.8,0.7,France
10,0.79,0.67,Japan
11,0.78,0.7,Chile
12,0.77,0.58,New Zealand
13,0.77,0.67,Croatia
14,0.76,0.67,Argentina
15,0.76,0.66,Hungary
16,0.76,0.63,Poland
17,0.76,0.62,Slovenia
18,0.76,0.62,Austria
19,0.75,0.73,Moldova (Republic of)
20,0.75,0.7,Belarus
21,0.75,0.67,Costa Rica
22,0.75,0.65,Türkiye
23,0.75,0.54,Netherlands
24,0.75,0.54,Belgium
25,0.75,0.58,Korea (Republic of)
26,0.75,0.55,Israel
27,0.75,0.61,Czechia
28,0.74,0.66,Panama
29,0.74,0.49,Norway
30,0.74,0.68,Albania
31,0.74,0.66,Thailand
32,0.74,0.69,Georgia
33,0.74,0.65,Uruguay
34,0.74,0.65,Romania
35,0.74,0.62,Slovakia
36,0.74,0.51,Finland
37,0.73,0.69,Peru
38,0.73,0.64,Russian Federation
39,0.72,0.7,Armenia
40,0.72,0.51,Malta
41,0.72,0.69,Cuba
42,0.72,0.67,Dominican Republic
43,0.71,0.5,Cyprus
44,0.71,0.62,Bulgaria
45,0.71,0.67,Colombia
46,0.71,0.65,Mexico
47,0.71,0.64,North Macedonia
48,0.71,0.62,Oman
49,0.71,0.56,Latvia
50,0.71,0.62,Serbia
51,0.7,0.63,Algeria
52,0.7,0.48,United States
53,0.7,0.62,Ukraine
54,0.7,0.67,Ecuador
55,0.69,0.43,Canada
56,0.69,0.46,Estonia
57,0.69,0.48,Lithuania
58,0.69,0.62,Azerbaijan
59,0.69,0.64,Tunisia
60,0.69,0.65,Egypt
61,0.68,0.56,Malaysia
62,0.68,0.65,Jordan
63,0.68,0.39,Ireland
64,0.68,0.58,Brazil
65,0.68,0.65,Uzbekistan
66,0.67,0.64,Indonesia
67,0.67,0.61,Jamaica
68,0.67,0.37,Singapore
69,0.66,0.63,Philippines
70,0.66,0.62,Viet Nam
71,0.66,0.62,Kyrgyzstan
72,0.66,0.6,Venezuela (Bolivarian Republic of)
73,0.66,0.31,Australia
74,0.66,0.63,Tajikistan
75,0.66,0.62,Gabon
76,0.66,0.63,El Salvador
77,0.65,0.63,Bangladesh
78,0.65,0.63,Nicaragua
79,0.65,0.57,Paraguay
80,0.65,0.58,South Africa
81,0.65,0.58,Lebanon
82,0.65,0.53,China
83,0.65,0.35,Luxembourg
84,0.65,0.62,Morocco
85,0.64,0.53,Turkmenistan
86,0.64,0.43,Bahrain
87,0.64,0.41,Saudi Arabia
88,0.64,0.28,Iceland
89,0.64,0.59,Bolivia (Plurinational State of)
90,0.64,0.58,Belize
91,0.63,0.54,Libya
92,0.63,0.57,Botswana
93,0.63,0.44,Bahamas
94,0.63,0.56,Iraq
95,0.61,0.6,Ghana
96,0.6,0.59,India
97,0.6,0.58,Guatemala
98,0.6,0.58,Honduras
99,0.59,0.36,Kazakhstan
100,0.58,0.56,Nepal
101,0.58,0.58,Zimbabwe
102,0.57,0.55,Cambodia
103,0.57,0.56,Cameroon
104,0.57,0.56,Syrian Arab Republic
105,0.57,0.56,Angola
106,0.57,0.52,Namibia
107,0.57,0.56,Myanmar
108,0.56,0.51,Lao People's Democratic Republic
109,0.56,0.43,Bhutan
110,0.56,0.4,Mongolia
111,0.56,0.54,Kenya
112,0.56,0.55,Congo
113,0.55,0.54,Zambia
114,0.54,0.53,Papua New Guinea
115,0.54,0.53,Côte d'Ivoire
116,0.54,0.54,Tanzania (United Republic of)
117,0.53,0.53,Rwanda
118,0.53,0.5,Mauritania
119,0.53,0.52,Togo
120,0.53,0.52,Haiti
121,0.52,0.52,Uganda
122,0.52,0.1,United Arab Emirates
123,0.52,0.51,Pakistan
124,0.52,0.51,Nigeria
125,0.51,0.44,Equatorial Guinea
126,0.51,0.5,Benin
127,0.5,0.5,Malawi
128,0.5,0.49,Madagascar
129,0.5,0.5,Ethiopia
130,0.49,0.15,Qatar
131,0.49,0.48,Senegal
132,0.49,0.48,Gambia
133,0.48,0.45,Sudan
134,0.48,0.47,Eritrea
135,0.48,0.47,Afghanistan
136,0.48,0.47,Sierra Leone
137,0.47,0.42,Djibouti
138,0.47,0.47,Liberia
139,0.47,0.47,Congo (Democratic Republic of the)
140,0.46,0.45,Guinea
141,0.45,0.06,Kuwait
142,0.45,0.44,Mozambique
143,0.44,0.43,Yemen
144,0.44,0.43,Burkina Faso
145,0.43,0.42,Burundi
146,0.42,0.41,Mali
147,0.4,0.39,Central African Republic
148,0.39,0.38,Niger
149,0.37,0.36,Chad
150,0.37,0.36,South Sudan
151,0.36,-0.13,Brunei Darussalam
